,rgi_id
14594,RGI2000-v7.0-G-07-00002
14595,RGI2000-v7.0-G-07-00004
14596,RGI2000-v7.0-G-07-00006
14597,RGI2000-v7.0-G-07-00007
14598,RGI2000-v7.0-G-07-00008
14599,RGI2000-v7.0-G-07-00009
14600,RGI2000-v7.0-G-07-00010
14601,RGI2000-v7.0-G-07-00011
14602,RGI2000-v7.0-G-07-00012
14603,RGI2000-v7.0-G-07-00015
14604,RGI2000-v7.0-G-07-00016
14605,RGI2000-v7.0-G-07-00018
14606,RGI2000-v7.0-G-07-00019
14607,RGI2000-v7.0-G-07-00020
14608,RGI2000-v7.0-G-07-00021
14609,RGI2000-v7.0-G-07-00022
14610,RGI2000-v7.0-G-07-00023
14611,RGI2000-v7.0-G-07-00031
14612,RGI2000-v7.0-G-07-00032
14613,RGI2000-v7.0-G-07-00037
14614,RGI2000-v7.0-G-07-00038
14615,RGI2000-v7.0-G-07-00039
14616,RGI2000-v7.0-G-07-00040
14617,RGI2000-v7.0-G-07-00042
14618,RGI2000-v7.0-G-07-00044
14619,RGI2000-v7.0-G-07-00045
14620,RGI2000-v7.0-G-07-00046
14621,RGI2000-v7.0-G-07-00052
14622,RGI2000-v7.0-G-07-00053
14623,RGI2000-v7.0-G-07-00054
14624,RGI2000-v7.0-G-07-00055
14625,RGI2000-v7.0-G-07-00056
14626,RGI2000-v7.0-G-07-00057
14627,RGI2000-v7.0-G-07-00058
14628,RGI2000-v7.0-G-07-00060
14629,RGI2000-v7.0-G-07-00061
14630,RGI2000-v7.0-G-07-00062
14631,RGI2000-v7.0-G-07-00063
14632,RGI2000-v7.0-G-07-00064
14633,RGI2000-v7.0-G-07-00065
14634,RGI2000-v7.0-G-07-00066
14635,RGI2000-v7.0-G-07-00069
14636,RGI2000-v7.0-G-07-00070
14637,RGI2000-v7.0-G-07-00072
14638,RGI2000-v7.0-G-07-00073
14639,RGI2000-v7.0-G-07-00074
14640,RGI2000-v7.0-G-07-00075
14641,RGI2000-v7.0-G-07-00081
14642,RGI2000-v7.0-G-07-00082
14643,RGI2000-v7.0-G-07-00083
14644,RGI2000-v7.0-G-07-00084
14645,RGI2000-v7.0-G-07-00085
14646,RGI2000-v7.0-G-07-00086
14647,RGI2000-v7.0-G-07-00087
14648,RGI2000-v7.0-G-07-00088
14649,RGI2000-v7.0-G-07-00089
14650,RGI2000-v7.0-G-07-00090
14651,RGI2000-v7.0-G-07-00091
14652,RGI2000-v7.0-G-07-00092
14653,RGI2000-v7.0-G-07-00093
14654,RGI2000-v7.0-G-07-00094
14655,RGI2000-v7.0-G-07-00101
14656,RGI2000-v7.0-G-07-00102
14657,RGI2000-v7.0-G-07-00103
14658,RGI2000-v7.0-G-07-00106
14659,RGI2000-v7.0-G-07-00107
14660,RGI2000-v7.0-G-07-00111
14661,RGI2000-v7.0-G-07-00114
14662,RGI2000-v7.0-G-07-00116
14663,RGI2000-v7.0-G-07-00117
14664,RGI2000-v7.0-G-07-00118
14665,RGI2000-v7.0-G-07-00119
14666,RGI2000-v7.0-G-07-00121
14667,RGI2000-v7.0-G-07-00124
14668,RGI2000-v7.0-G-07-00125
14669,RGI2000-v7.0-G-07-00126
14670,RGI2000-v7.0-G-07-00128
14671,RGI2000-v7.0-G-07-00129
14672,RGI2000-v7.0-G-07-00130
14673,RGI2000-v7.0-G-07-00132
14674,RGI2000-v7.0-G-07-00133
14675,RGI2000-v7.0-G-07-00134
14676,RGI2000-v7.0-G-07-00135
14677,RGI2000-v7.0-G-07-00137
14678,RGI2000-v7.0-G-07-00138
14679,RGI2000-v7.0-G-07-00139
14680,RGI2000-v7.0-G-07-00141
14681,RGI2000-v7.0-G-07-00142
14682,RGI2000-v7.0-G-07-00143
14683,RGI2000-v7.0-G-07-00149
14684,RGI2000-v7.0-G-07-00153
14685,RGI2000-v7.0-G-07-00154
14686,RGI2000-v7.0-G-07-00155
14687,RGI2000-v7.0-G-07-00159
14688,RGI2000-v7.0-G-07-00161
14689,RGI2000-v7.0-G-07-00162
14690,RGI2000-v7.0-G-07-00163
14691,RGI2000-v7.0-G-07-00165
14692,RGI2000-v7.0-G-07-00167
14693,RGI2000-v7.0-G-07-00168
14694,RGI2000-v7.0-G-07-00170
14695,RGI2000-v7.0-G-07-00171
14696,RGI2000-v7.0-G-07-00172
14697,RGI2000-v7.0-G-07-00173
14698,RGI2000-v7.0-G-07-00175
14699,RGI2000-v7.0-G-07-00176
14700,RGI2000-v7.0-G-07-00179
14701,RGI2000-v7.0-G-07-00180
14702,RGI2000-v7.0-G-07-00181
14703,RGI2000-v7.0-G-07-00187
14704,RGI2000-v7.0-G-07-00188
14705,RGI2000-v7.0-G-07-00197
14706,RGI2000-v7.0-G-07-00198
14707,RGI2000-v7.0-G-07-00199
14708,RGI2000-v7.0-G-07-00200
14709,RGI2000-v7.0-G-07-00201
14710,RGI2000-v7.0-G-07-00202
14711,RGI2000-v7.0-G-07-00203
14712,RGI2000-v7.0-G-07-00204
14713,RGI2000-v7.0-G-07-00205
14714,RGI2000-v7.0-G-07-00206
14715,RGI2000-v7.0-G-07-00208
14716,RGI2000-v7.0-G-07-00209
14717,RGI2000-v7.0-G-07-00210
14718,RGI2000-v7.0-G-07-00211
14719,RGI2000-v7.0-G-07-00213
14720,RGI2000-v7.0-G-07-00214
14721,RGI2000-v7.0-G-07-00223
14722,RGI2000-v7.0-G-07-00224
14723,RGI2000-v7.0-G-07-00225
14724,RGI2000-v7.0-G-07-00226
14725,RGI2000-v7.0-G-07-00229
14726,RGI2000-v7.0-G-07-00238
14727,RGI2000-v7.0-G-07-00241
14728,RGI2000-v7.0-G-07-00243
14729,RGI2000-v7.0-G-07-00244
14730,RGI2000-v7.0-G-07-00245
14731,RGI2000-v7.0-G-07-00246
14732,RGI2000-v7.0-G-07-00247
14733,RGI2000-v7.0-G-07-00248
14734,RGI2000-v7.0-G-07-00249
14735,RGI2000-v7.0-G-07-00250
14736,RGI2000-v7.0-G-07-00251
14737,RGI2000-v7.0-G-07-00252
14738,RGI2000-v7.0-G-07-00253
14739,RGI2000-v7.0-G-07-00254
14740,RGI2000-v7.0-G-07-00255
14741,RGI2000-v7.0-G-07-00256
14742,RGI2000-v7.0-G-07-00257
14743,RGI2000-v7.0-G-07-00258
14744,RGI2000-v7.0-G-07-00259
14745,RGI2000-v7.0-G-07-00262
14746,RGI2000-v7.0-G-07-00264
14747,RGI2000-v7.0-G-07-00265
14748,RGI2000-v7.0-G-07-00266
14749,RGI2000-v7.0-G-07-00270
14750,RGI2000-v7.0-G-07-00271
14751,RGI2000-v7.0-G-07-00272
14752,RGI2000-v7.0-G-07-00274
14753,RGI2000-v7.0-G-07-00278
14754,RGI2000-v7.0-G-07-00281
14755,RGI2000-v7.0-G-07-00282
14756,RGI2000-v7.0-G-07-00283
14757,RGI2000-v7.0-G-07-00288
14758,RGI2000-v7.0-G-07-00289
14759,RGI2000-v7.0-G-07-00290
14760,RGI2000-v7.0-G-07-00291
14761,RGI2000-v7.0-G-07-00292
14762,RGI2000-v7.0-G-07-00293
14763,RGI2000-v7.0-G-07-00294
14764,RGI2000-v7.0-G-07-00295
14765,RGI2000-v7.0-G-07-00296
14766,RGI2000-v7.0-G-07-00297
14767,RGI2000-v7.0-G-07-00299
14768,RGI2000-v7.0-G-07-00300
14769,RGI2000-v7.0-G-07-00302
14770,RGI2000-v7.0-G-07-00304
14771,RGI2000-v7.0-G-07-00306
14772,RGI2000-v7.0-G-07-00307
14773,RGI2000-v7.0-G-07-00308
14774,RGI2000-v7.0-G-07-00309
14775,RGI2000-v7.0-G-07-00310
14776,RGI2000-v7.0-G-07-00312
14777,RGI2000-v7.0-G-07-00313
14778,RGI2000-v7.0-G-07-00314
14779,RGI2000-v7.0-G-07-00315
14780,RGI2000-v7.0-G-07-00316
14781,RGI2000-v7.0-G-07-00317
14782,RGI2000-v7.0-G-07-00320
14783,RGI2000-v7.0-G-07-00321
14784,RGI2000-v7.0-G-07-00322
14785,RGI2000-v7.0-G-07-00323
14786,RGI2000-v7.0-G-07-00329
14787,RGI2000-v7.0-G-07-00330
14788,RGI2000-v7.0-G-07-00332
14789,RGI2000-v7.0-G-07-00336
14790,RGI2000-v7.0-G-07-00337
14791,RGI2000-v7.0-G-07-00338
14792,RGI2000-v7.0-G-07-00340
14793,RGI2000-v7.0-G-07-00341
14794,RGI2000-v7.0-G-07-00342
14795,RGI2000-v7.0-G-07-00343
14796,RGI2000-v7.0-G-07-00352
14797,RGI2000-v7.0-G-07-00354
14798,RGI2000-v7.0-G-07-00355
14799,RGI2000-v7.0-G-07-00356
14800,RGI2000-v7.0-G-07-00358
14801,RGI2000-v7.0-G-07-00359
14802,RGI2000-v7.0-G-07-00361
14803,RGI2000-v7.0-G-07-00365
14804,RGI2000-v7.0-G-07-00367
14805,RGI2000-v7.0-G-07-00369
14806,RGI2000-v7.0-G-07-00370
14807,RGI2000-v7.0-G-07-00373
14808,RGI2000-v7.0-G-07-00374
14809,RGI2000-v7.0-G-07-00376
14810,RGI2000-v7.0-G-07-00378
14811,RGI2000-v7.0-G-07-00379
14812,RGI2000-v7.0-G-07-00383
14813,RGI2000-v7.0-G-07-00386
14814,RGI2000-v7.0-G-07-00387
14815,RGI2000-v7.0-G-07-00389
14816,RGI2000-v7.0-G-07-00390
14817,RGI2000-v7.0-G-07-00391
14818,RGI2000-v7.0-G-07-00392
14819,RGI2000-v7.0-G-07-00393
14820,RGI2000-v7.0-G-07-00396
14821,RGI2000-v7.0-G-07-00398
14822,RGI2000-v7.0-G-07-00401
14823,RGI2000-v7.0-G-07-00402
14824,RGI2000-v7.0-G-07-00403
14825,RGI2000-v7.0-G-07-00404
14826,RGI2000-v7.0-G-07-00406
14827,RGI2000-v7.0-G-07-00408
14828,RGI2000-v7.0-G-07-00413
14829,RGI2000-v7.0-G-07-00414
14830,RGI2000-v7.0-G-07-00415
14831,RGI2000-v7.0-G-07-00416
14832,RGI2000-v7.0-G-07-00417
14833,RGI2000-v7.0-G-07-00418
14834,RGI2000-v7.0-G-07-00419
14835,RGI2000-v7.0-G-07-00420
14836,RGI2000-v7.0-G-07-00421
14837,RGI2000-v7.0-G-07-00422
14838,RGI2000-v7.0-G-07-00427
14839,RGI2000-v7.0-G-07-00429
14840,RGI2000-v7.0-G-07-00430
14841,RGI2000-v7.0-G-07-00433
14842,RGI2000-v7.0-G-07-00435
14843,RGI2000-v7.0-G-07-00436
14844,RGI2000-v7.0-G-07-00439
14845,RGI2000-v7.0-G-07-00442
14846,RGI2000-v7.0-G-07-00443
14847,RGI2000-v7.0-G-07-00444
14848,RGI2000-v7.0-G-07-00445
14849,RGI2000-v7.0-G-07-00446
14850,RGI2000-v7.0-G-07-00448
14851,RGI2000-v7.0-G-07-00455
14852,RGI2000-v7.0-G-07-00456
14853,RGI2000-v7.0-G-07-00457
14854,RGI2000-v7.0-G-07-00459
14855,RGI2000-v7.0-G-07-00461
14856,RGI2000-v7.0-G-07-00462
14857,RGI2000-v7.0-G-07-00463
14858,RGI2000-v7.0-G-07-00464
14859,RGI2000-v7.0-G-07-00465
14860,RGI2000-v7.0-G-07-00468
14861,RGI2000-v7.0-G-07-00469
14862,RGI2000-v7.0-G-07-00470
14863,RGI2000-v7.0-G-07-00471
14864,RGI2000-v7.0-G-07-00472
14865,RGI2000-v7.0-G-07-00473
14866,RGI2000-v7.0-G-07-00475
14867,RGI2000-v7.0-G-07-00476
14868,RGI2000-v7.0-G-07-00477
14869,RGI2000-v7.0-G-07-00478
14870,RGI2000-v7.0-G-07-00479
14871,RGI2000-v7.0-G-07-00481
14872,RGI2000-v7.0-G-07-00484
14873,RGI2000-v7.0-G-07-00486
14874,RGI2000-v7.0-G-07-00490
14875,RGI2000-v7.0-G-07-00494
14876,RGI2000-v7.0-G-07-00496
14877,RGI2000-v7.0-G-07-00498
14878,RGI2000-v7.0-G-07-00499
14879,RGI2000-v7.0-G-07-00502
14880,RGI2000-v7.0-G-07-00503
14881,RGI2000-v7.0-G-07-00504
14882,RGI2000-v7.0-G-07-00505
14883,RGI2000-v7.0-G-07-00508
14884,RGI2000-v7.0-G-07-00510
14885,RGI2000-v7.0-G-07-00511
14886,RGI2000-v7.0-G-07-00512
14887,RGI2000-v7.0-G-07-00513
14888,RGI2000-v7.0-G-07-00514
14889,RGI2000-v7.0-G-07-00515
14890,RGI2000-v7.0-G-07-00516
14891,RGI2000-v7.0-G-07-00517
14892,RGI2000-v7.0-G-07-00518
14893,RGI2000-v7.0-G-07-00519
14894,RGI2000-v7.0-G-07-00520
14895,RGI2000-v7.0-G-07-00522
14896,RGI2000-v7.0-G-07-00525
14897,RGI2000-v7.0-G-07-00526
14898,RGI2000-v7.0-G-07-00527
14899,RGI2000-v7.0-G-07-00528
14900,RGI2000-v7.0-G-07-00530
14901,RGI2000-v7.0-G-07-00531
14902,RGI2000-v7.0-G-07-00532
14903,RGI2000-v7.0-G-07-00534
14904,RGI2000-v7.0-G-07-00535
14905,RGI2000-v7.0-G-07-00536
14906,RGI2000-v7.0-G-07-00540
14907,RGI2000-v7.0-G-07-00542
14908,RGI2000-v7.0-G-07-00543
14909,RGI2000-v7.0-G-07-00544
14910,RGI2000-v7.0-G-07-00545
14911,RGI2000-v7.0-G-07-00546
14912,RGI2000-v7.0-G-07-00547
14913,RGI2000-v7.0-G-07-00548
14914,RGI2000-v7.0-G-07-00549
14915,RGI2000-v7.0-G-07-00550
14916,RGI2000-v7.0-G-07-00552
14917,RGI2000-v7.0-G-07-00554
14918,RGI2000-v7.0-G-07-00555
14919,RGI2000-v7.0-G-07-00557
14920,RGI2000-v7.0-G-07-00559
14921,RGI2000-v7.0-G-07-00560
14922,RGI2000-v7.0-G-07-00564
14923,RGI2000-v7.0-G-07-00565
14924,RGI2000-v7.0-G-07-00566
14925,RGI2000-v7.0-G-07-00567
14926,RGI2000-v7.0-G-07-00568
14927,RGI2000-v7.0-G-07-00569
14928,RGI2000-v7.0-G-07-00570
14929,RGI2000-v7.0-G-07-00571
14930,RGI2000-v7.0-G-07-00573
14931,RGI2000-v7.0-G-07-00576
14932,RGI2000-v7.0-G-07-00577
14933,RGI2000-v7.0-G-07-00578
14934,RGI2000-v7.0-G-07-00579
14935,RGI2000-v7.0-G-07-00580
14936,RGI2000-v7.0-G-07-00584
14937,RGI2000-v7.0-G-07-00586
14938,RGI2000-v7.0-G-07-00591
14939,RGI2000-v7.0-G-07-00592
14940,RGI2000-v7.0-G-07-00597
14941,RGI2000-v7.0-G-07-00600
14942,RGI2000-v7.0-G-07-00603
14943,RGI2000-v7.0-G-07-00605
14944,RGI2000-v7.0-G-07-00606
14945,RGI2000-v7.0-G-07-00607
14946,RGI2000-v7.0-G-07-00608
14947,RGI2000-v7.0-G-07-00610
14948,RGI2000-v7.0-G-07-00611
14949,RGI2000-v7.0-G-07-00612
14950,RGI2000-v7.0-G-07-00613
14951,RGI2000-v7.0-G-07-00614
14952,RGI2000-v7.0-G-07-00616
14953,RGI2000-v7.0-G-07-00622
14954,RGI2000-v7.0-G-07-00623
14955,RGI2000-v7.0-G-07-00624
14956,RGI2000-v7.0-G-07-00627
14957,RGI2000-v7.0-G-07-00635
14958,RGI2000-v7.0-G-07-00640
14959,RGI2000-v7.0-G-07-00642
14960,RGI2000-v7.0-G-07-00644
14961,RGI2000-v7.0-G-07-00645
14962,RGI2000-v7.0-G-07-00646
14963,RGI2000-v7.0-G-07-00647
14964,RGI2000-v7.0-G-07-00648
14965,RGI2000-v7.0-G-07-00650
14966,RGI2000-v7.0-G-07-00651
14967,RGI2000-v7.0-G-07-00653
14968,RGI2000-v7.0-G-07-00657
14969,RGI2000-v7.0-G-07-00659
14970,RGI2000-v7.0-G-07-00661
14971,RGI2000-v7.0-G-07-00662
14972,RGI2000-v7.0-G-07-00663
14973,RGI2000-v7.0-G-07-00667
14974,RGI2000-v7.0-G-07-00669
14975,RGI2000-v7.0-G-07-00672
14976,RGI2000-v7.0-G-07-00676
14977,RGI2000-v7.0-G-07-00679
14978,RGI2000-v7.0-G-07-00681
14979,RGI2000-v7.0-G-07-00684
14980,RGI2000-v7.0-G-07-00687
14981,RGI2000-v7.0-G-07-00688
14982,RGI2000-v7.0-G-07-00693
14983,RGI2000-v7.0-G-07-00694
14984,RGI2000-v7.0-G-07-00697
14985,RGI2000-v7.0-G-07-00698
14986,RGI2000-v7.0-G-07-00708
14987,RGI2000-v7.0-G-07-00710
14988,RGI2000-v7.0-G-07-00712
14989,RGI2000-v7.0-G-07-00713
14990,RGI2000-v7.0-G-07-00716
14991,RGI2000-v7.0-G-07-00717
14992,RGI2000-v7.0-G-07-00718
14993,RGI2000-v7.0-G-07-00719
14994,RGI2000-v7.0-G-07-00721
14995,RGI2000-v7.0-G-07-00725
14996,RGI2000-v7.0-G-07-00726
14997,RGI2000-v7.0-G-07-00727
14998,RGI2000-v7.0-G-07-00728
14999,RGI2000-v7.0-G-07-00730
15000,RGI2000-v7.0-G-07-00731
15001,RGI2000-v7.0-G-07-00732
15002,RGI2000-v7.0-G-07-00733
15003,RGI2000-v7.0-G-07-00734
15004,RGI2000-v7.0-G-07-00735
15005,RGI2000-v7.0-G-07-00736
15006,RGI2000-v7.0-G-07-00737
15007,RGI2000-v7.0-G-07-00739
15008,RGI2000-v7.0-G-07-00740
15009,RGI2000-v7.0-G-07-00741
15010,RGI2000-v7.0-G-07-00743
15011,RGI2000-v7.0-G-07-00744
15012,RGI2000-v7.0-G-07-00745
15013,RGI2000-v7.0-G-07-00746
15014,RGI2000-v7.0-G-07-00748
15015,RGI2000-v7.0-G-07-00749
15016,RGI2000-v7.0-G-07-00750
15017,RGI2000-v7.0-G-07-00751
15018,RGI2000-v7.0-G-07-00752
15019,RGI2000-v7.0-G-07-00754
15020,RGI2000-v7.0-G-07-00755
15021,RGI2000-v7.0-G-07-00756
15022,RGI2000-v7.0-G-07-00758
15023,RGI2000-v7.0-G-07-00759
15024,RGI2000-v7.0-G-07-00760
15025,RGI2000-v7.0-G-07-00763
15026,RGI2000-v7.0-G-07-00764
15027,RGI2000-v7.0-G-07-00765
15028,RGI2000-v7.0-G-07-00767
15029,RGI2000-v7.0-G-07-00768
15030,RGI2000-v7.0-G-07-00769
15031,RGI2000-v7.0-G-07-00770
15032,RGI2000-v7.0-G-07-00772
15033,RGI2000-v7.0-G-07-00774
15034,RGI2000-v7.0-G-07-00775
15035,RGI2000-v7.0-G-07-00776
15036,RGI2000-v7.0-G-07-00777
15037,RGI2000-v7.0-G-07-00778
15038,RGI2000-v7.0-G-07-00779
15039,RGI2000-v7.0-G-07-00780
15040,RGI2000-v7.0-G-07-00781
15041,RGI2000-v7.0-G-07-00782
15042,RGI2000-v7.0-G-07-00783
15043,RGI2000-v7.0-G-07-00787
15044,RGI2000-v7.0-G-07-00789
15045,RGI2000-v7.0-G-07-00790
15046,RGI2000-v7.0-G-07-00791
15047,RGI2000-v7.0-G-07-00793
15048,RGI2000-v7.0-G-07-00794
15049,RGI2000-v7.0-G-07-00796
15050,RGI2000-v7.0-G-07-00802
15051,RGI2000-v7.0-G-07-00803
15052,RGI2000-v7.0-G-07-00806
15053,RGI2000-v7.0-G-07-00807
15054,RGI2000-v7.0-G-07-00808
15055,RGI2000-v7.0-G-07-00809
15056,RGI2000-v7.0-G-07-00813
15057,RGI2000-v7.0-G-07-00814
15058,RGI2000-v7.0-G-07-00815
15059,RGI2000-v7.0-G-07-00816
15060,RGI2000-v7.0-G-07-00817
15061,RGI2000-v7.0-G-07-00818
15062,RGI2000-v7.0-G-07-00819
15063,RGI2000-v7.0-G-07-00820
15064,RGI2000-v7.0-G-07-00821
15065,RGI2000-v7.0-G-07-00823
15066,RGI2000-v7.0-G-07-00831
15067,RGI2000-v7.0-G-07-00832
15068,RGI2000-v7.0-G-07-00836
15069,RGI2000-v7.0-G-07-00838
15070,RGI2000-v7.0-G-07-00841
15071,RGI2000-v7.0-G-07-00842
15072,RGI2000-v7.0-G-07-00845
15073,RGI2000-v7.0-G-07-00846
15074,RGI2000-v7.0-G-07-00851
15075,RGI2000-v7.0-G-07-00854
15076,RGI2000-v7.0-G-07-00855
15077,RGI2000-v7.0-G-07-00858
15078,RGI2000-v7.0-G-07-00862
15079,RGI2000-v7.0-G-07-00866
15080,RGI2000-v7.0-G-07-00867
15081,RGI2000-v7.0-G-07-00868
15082,RGI2000-v7.0-G-07-00876
15083,RGI2000-v7.0-G-07-00877
15084,RGI2000-v7.0-G-07-00879
15085,RGI2000-v7.0-G-07-00880
15086,RGI2000-v7.0-G-07-00882
15087,RGI2000-v7.0-G-07-00883
15088,RGI2000-v7.0-G-07-00884
15089,RGI2000-v7.0-G-07-00887
15090,RGI2000-v7.0-G-07-00888
15091,RGI2000-v7.0-G-07-00889
15092,RGI2000-v7.0-G-07-00890
15093,RGI2000-v7.0-G-07-00892
15094,RGI2000-v7.0-G-07-00894
15095,RGI2000-v7.0-G-07-00896
15096,RGI2000-v7.0-G-07-00898
15097,RGI2000-v7.0-G-07-00899
15098,RGI2000-v7.0-G-07-00900
15099,RGI2000-v7.0-G-07-00901
15100,RGI2000-v7.0-G-07-00902
15101,RGI2000-v7.0-G-07-00904
15102,RGI2000-v7.0-G-07-00905
15103,RGI2000-v7.0-G-07-00907
15104,RGI2000-v7.0-G-07-00909
15105,RGI2000-v7.0-G-07-00911
15106,RGI2000-v7.0-G-07-00912
15107,RGI2000-v7.0-G-07-00913
15108,RGI2000-v7.0-G-07-00916
15109,RGI2000-v7.0-G-07-00917
15110,RGI2000-v7.0-G-07-00918
15111,RGI2000-v7.0-G-07-00920
15112,RGI2000-v7.0-G-07-00921
15113,RGI2000-v7.0-G-07-00922
15114,RGI2000-v7.0-G-07-00924
15115,RGI2000-v7.0-G-07-00925
15116,RGI2000-v7.0-G-07-00926
15117,RGI2000-v7.0-G-07-00927
15118,RGI2000-v7.0-G-07-00928
15119,RGI2000-v7.0-G-07-00929
15120,RGI2000-v7.0-G-07-00935
15121,RGI2000-v7.0-G-07-00937
15122,RGI2000-v7.0-G-07-00938
15123,RGI2000-v7.0-G-07-00939
15124,RGI2000-v7.0-G-07-00945
15125,RGI2000-v7.0-G-07-00947
15126,RGI2000-v7.0-G-07-00948
15127,RGI2000-v7.0-G-07-00949
15128,RGI2000-v7.0-G-07-00954
15129,RGI2000-v7.0-G-07-00955
15130,RGI2000-v7.0-G-07-00957
15131,RGI2000-v7.0-G-07-00959
15132,RGI2000-v7.0-G-07-00961
15133,RGI2000-v7.0-G-07-00962
15134,RGI2000-v7.0-G-07-00963
15135,RGI2000-v7.0-G-07-00966
15136,RGI2000-v7.0-G-07-00967
15137,RGI2000-v7.0-G-07-00968
15138,RGI2000-v7.0-G-07-00969
15139,RGI2000-v7.0-G-07-00971
15140,RGI2000-v7.0-G-07-00972
15141,RGI2000-v7.0-G-07-00973
15142,RGI2000-v7.0-G-07-00976
15143,RGI2000-v7.0-G-07-00977
15144,RGI2000-v7.0-G-07-00978
15145,RGI2000-v7.0-G-07-00979
15146,RGI2000-v7.0-G-07-00980
15147,RGI2000-v7.0-G-07-00981
15148,RGI2000-v7.0-G-07-00983
15149,RGI2000-v7.0-G-07-00984
15150,RGI2000-v7.0-G-07-00985
15151,RGI2000-v7.0-G-07-00986
15152,RGI2000-v7.0-G-07-00987
15153,RGI2000-v7.0-G-07-00989
15154,RGI2000-v7.0-G-07-00991
15155,RGI2000-v7.0-G-07-00992
15156,RGI2000-v7.0-G-07-00994
15157,RGI2000-v7.0-G-07-00996
15158,RGI2000-v7.0-G-07-00997
15159,RGI2000-v7.0-G-07-00999
15160,RGI2000-v7.0-G-07-01000
15161,RGI2000-v7.0-G-07-01005
15162,RGI2000-v7.0-G-07-01006
15163,RGI2000-v7.0-G-07-01007
15164,RGI2000-v7.0-G-07-01008
15165,RGI2000-v7.0-G-07-01009
15166,RGI2000-v7.0-G-07-01010
15167,RGI2000-v7.0-G-07-01011
15168,RGI2000-v7.0-G-07-01013
15169,RGI2000-v7.0-G-07-01017
15170,RGI2000-v7.0-G-07-01018
15171,RGI2000-v7.0-G-07-01019
15172,RGI2000-v7.0-G-07-01021
15173,RGI2000-v7.0-G-07-01026
15174,RGI2000-v7.0-G-07-01027
15175,RGI2000-v7.0-G-07-01030
15176,RGI2000-v7.0-G-07-01031
15177,RGI2000-v7.0-G-07-01033
15178,RGI2000-v7.0-G-07-01034
15179,RGI2000-v7.0-G-07-01035
15180,RGI2000-v7.0-G-07-01036
15181,RGI2000-v7.0-G-07-01037
15182,RGI2000-v7.0-G-07-01038
15183,RGI2000-v7.0-G-07-01040
15184,RGI2000-v7.0-G-07-01041
15185,RGI2000-v7.0-G-07-01043
15186,RGI2000-v7.0-G-07-01044
15187,RGI2000-v7.0-G-07-01047
15188,RGI2000-v7.0-G-07-01050
15189,RGI2000-v7.0-G-07-01051
15190,RGI2000-v7.0-G-07-01053
15191,RGI2000-v7.0-G-07-01054
15192,RGI2000-v7.0-G-07-01055
15193,RGI2000-v7.0-G-07-01062
15194,RGI2000-v7.0-G-07-01063
15195,RGI2000-v7.0-G-07-01064
15196,RGI2000-v7.0-G-07-01065
15197,RGI2000-v7.0-G-07-01066
15198,RGI2000-v7.0-G-07-01069
15199,RGI2000-v7.0-G-07-01070
15200,RGI2000-v7.0-G-07-01071
15201,RGI2000-v7.0-G-07-01072
15202,RGI2000-v7.0-G-07-01073
15203,RGI2000-v7.0-G-07-01074
15204,RGI2000-v7.0-G-07-01075
15205,RGI2000-v7.0-G-07-01077
15206,RGI2000-v7.0-G-07-01080
15207,RGI2000-v7.0-G-07-01081
15208,RGI2000-v7.0-G-07-01082
15209,RGI2000-v7.0-G-07-01083
15210,RGI2000-v7.0-G-07-01084
15211,RGI2000-v7.0-G-07-01085
15212,RGI2000-v7.0-G-07-01086
15213,RGI2000-v7.0-G-07-01087
15214,RGI2000-v7.0-G-07-01088
15215,RGI2000-v7.0-G-07-01089
15216,RGI2000-v7.0-G-07-01090
15217,RGI2000-v7.0-G-07-01091
15218,RGI2000-v7.0-G-07-01092
15219,RGI2000-v7.0-G-07-01093
15220,RGI2000-v7.0-G-07-01094
15221,RGI2000-v7.0-G-07-01095
15222,RGI2000-v7.0-G-07-01097
15223,RGI2000-v7.0-G-07-01098
15224,RGI2000-v7.0-G-07-01099
15225,RGI2000-v7.0-G-07-01100
15226,RGI2000-v7.0-G-07-01101
15227,RGI2000-v7.0-G-07-01102
15228,RGI2000-v7.0-G-07-01103
15229,RGI2000-v7.0-G-07-01104
15230,RGI2000-v7.0-G-07-01105
15231,RGI2000-v7.0-G-07-01106
15232,RGI2000-v7.0-G-07-01107
15233,RGI2000-v7.0-G-07-01108
15234,RGI2000-v7.0-G-07-01109
15235,RGI2000-v7.0-G-07-01110
15236,RGI2000-v7.0-G-07-01111
15237,RGI2000-v7.0-G-07-01112
15238,RGI2000-v7.0-G-07-01113
15239,RGI2000-v7.0-G-07-01114
15240,RGI2000-v7.0-G-07-01115
15241,RGI2000-v7.0-G-07-01117
15242,RGI2000-v7.0-G-07-01119
15243,RGI2000-v7.0-G-07-01124
15244,RGI2000-v7.0-G-07-01125
15245,RGI2000-v7.0-G-07-01128
15246,RGI2000-v7.0-G-07-01129
15247,RGI2000-v7.0-G-07-01131
15248,RGI2000-v7.0-G-07-01132
15249,RGI2000-v7.0-G-07-01133
15250,RGI2000-v7.0-G-07-01134
15251,RGI2000-v7.0-G-07-01135
15252,RGI2000-v7.0-G-07-01138
15253,RGI2000-v7.0-G-07-01139
15254,RGI2000-v7.0-G-07-01140
15255,RGI2000-v7.0-G-07-01141
15256,RGI2000-v7.0-G-07-01142
15257,RGI2000-v7.0-G-07-01147
15258,RGI2000-v7.0-G-07-01149
15259,RGI2000-v7.0-G-07-01150
15260,RGI2000-v7.0-G-07-01151
15261,RGI2000-v7.0-G-07-01152
15262,RGI2000-v7.0-G-07-01153
15263,RGI2000-v7.0-G-07-01154
15264,RGI2000-v7.0-G-07-01158
15265,RGI2000-v7.0-G-07-01160
15266,RGI2000-v7.0-G-07-01161
15267,RGI2000-v7.0-G-07-01162
15268,RGI2000-v7.0-G-07-01163
15269,RGI2000-v7.0-G-07-01164
15270,RGI2000-v7.0-G-07-01165
15271,RGI2000-v7.0-G-07-01166
15272,RGI2000-v7.0-G-07-01167
15273,RGI2000-v7.0-G-07-01168
15274,RGI2000-v7.0-G-07-01169
15275,RGI2000-v7.0-G-07-01170
15276,RGI2000-v7.0-G-07-01171
15277,RGI2000-v7.0-G-07-01176
15278,RGI2000-v7.0-G-07-01177
15279,RGI2000-v7.0-G-07-01178
15280,RGI2000-v7.0-G-07-01179
15281,RGI2000-v7.0-G-07-01180
15282,RGI2000-v7.0-G-07-01181
15283,RGI2000-v7.0-G-07-01182
15284,RGI2000-v7.0-G-07-01183
15285,RGI2000-v7.0-G-07-01184
15286,RGI2000-v7.0-G-07-01185
15287,RGI2000-v7.0-G-07-01187
15288,RGI2000-v7.0-G-07-01188
15289,RGI2000-v7.0-G-07-01190
15290,RGI2000-v7.0-G-07-01191
15291,RGI2000-v7.0-G-07-01192
15292,RGI2000-v7.0-G-07-01193
15293,RGI2000-v7.0-G-07-01194
15294,RGI2000-v7.0-G-07-01195
15295,RGI2000-v7.0-G-07-01196
15296,RGI2000-v7.0-G-07-01197
15297,RGI2000-v7.0-G-07-01199
15298,RGI2000-v7.0-G-07-01200
15299,RGI2000-v7.0-G-07-01201
15300,RGI2000-v7.0-G-07-01202
15301,RGI2000-v7.0-G-07-01203
15302,RGI2000-v7.0-G-07-01204
15303,RGI2000-v7.0-G-07-01205
15304,RGI2000-v7.0-G-07-01207
15305,RGI2000-v7.0-G-07-01208
15306,RGI2000-v7.0-G-07-01209
15307,RGI2000-v7.0-G-07-01211
15308,RGI2000-v7.0-G-07-01212
15309,RGI2000-v7.0-G-07-01213
15310,RGI2000-v7.0-G-07-01214
15311,RGI2000-v7.0-G-07-01217
15312,RGI2000-v7.0-G-07-01218
15313,RGI2000-v7.0-G-07-01219
15314,RGI2000-v7.0-G-07-01220
15315,RGI2000-v7.0-G-07-01221
15316,RGI2000-v7.0-G-07-01222
15317,RGI2000-v7.0-G-07-01223
15318,RGI2000-v7.0-G-07-01224
15319,RGI2000-v7.0-G-07-01225
15320,RGI2000-v7.0-G-07-01226
15321,RGI2000-v7.0-G-07-01229
15322,RGI2000-v7.0-G-07-01231
15323,RGI2000-v7.0-G-07-01232
15324,RGI2000-v7.0-G-07-01234
15325,RGI2000-v7.0-G-07-01235
15326,RGI2000-v7.0-G-07-01239
15327,RGI2000-v7.0-G-07-01240
15328,RGI2000-v7.0-G-07-01241
15329,RGI2000-v7.0-G-07-01242
15330,RGI2000-v7.0-G-07-01243
15331,RGI2000-v7.0-G-07-01244
15332,RGI2000-v7.0-G-07-01247
15333,RGI2000-v7.0-G-07-01248
15334,RGI2000-v7.0-G-07-01249
15335,RGI2000-v7.0-G-07-01251
15336,RGI2000-v7.0-G-07-01253
15337,RGI2000-v7.0-G-07-01256
15338,RGI2000-v7.0-G-07-01258
15339,RGI2000-v7.0-G-07-01259
15340,RGI2000-v7.0-G-07-01261
15341,RGI2000-v7.0-G-07-01262
15342,RGI2000-v7.0-G-07-01263
15343,RGI2000-v7.0-G-07-01266
15344,RGI2000-v7.0-G-07-01268
15345,RGI2000-v7.0-G-07-01269
15346,RGI2000-v7.0-G-07-01271
15347,RGI2000-v7.0-G-07-01272
15348,RGI2000-v7.0-G-07-01273
15349,RGI2000-v7.0-G-07-01274
15350,RGI2000-v7.0-G-07-01276
15351,RGI2000-v7.0-G-07-01277
15352,RGI2000-v7.0-G-07-01278
15353,RGI2000-v7.0-G-07-01280
15354,RGI2000-v7.0-G-07-01281
15355,RGI2000-v7.0-G-07-01282
15356,RGI2000-v7.0-G-07-01283
15357,RGI2000-v7.0-G-07-01285
15358,RGI2000-v7.0-G-07-01286
15359,RGI2000-v7.0-G-07-01287
15360,RGI2000-v7.0-G-07-01288
15361,RGI2000-v7.0-G-07-01289
15362,RGI2000-v7.0-G-07-01293
15363,RGI2000-v7.0-G-07-01300
15364,RGI2000-v7.0-G-07-01302
15365,RGI2000-v7.0-G-07-01306
15366,RGI2000-v7.0-G-07-01307
15367,RGI2000-v7.0-G-07-01309
15368,RGI2000-v7.0-G-07-01311
15369,RGI2000-v7.0-G-07-01312
15370,RGI2000-v7.0-G-07-01314
15371,RGI2000-v7.0-G-07-01315
15372,RGI2000-v7.0-G-07-01316
15373,RGI2000-v7.0-G-07-01317
15374,RGI2000-v7.0-G-07-01318
15375,RGI2000-v7.0-G-07-01319
15376,RGI2000-v7.0-G-07-01320
15377,RGI2000-v7.0-G-07-01321
15378,RGI2000-v7.0-G-07-01322
15379,RGI2000-v7.0-G-07-01323
15380,RGI2000-v7.0-G-07-01324
15381,RGI2000-v7.0-G-07-01325
15382,RGI2000-v7.0-G-07-01326
15383,RGI2000-v7.0-G-07-01327
15384,RGI2000-v7.0-G-07-01328
15385,RGI2000-v7.0-G-07-01329
15386,RGI2000-v7.0-G-07-01330
15387,RGI2000-v7.0-G-07-01331
15388,RGI2000-v7.0-G-07-01332
15389,RGI2000-v7.0-G-07-01333
15390,RGI2000-v7.0-G-07-01334
15391,RGI2000-v7.0-G-07-01335
15392,RGI2000-v7.0-G-07-01336
15393,RGI2000-v7.0-G-07-01337
15394,RGI2000-v7.0-G-07-01338
15395,RGI2000-v7.0-G-07-01339
15396,RGI2000-v7.0-G-07-01340
15397,RGI2000-v7.0-G-07-01341
15398,RGI2000-v7.0-G-07-01342
15399,RGI2000-v7.0-G-07-01343
15400,RGI2000-v7.0-G-07-01344
15401,RGI2000-v7.0-G-07-01345
15402,RGI2000-v7.0-G-07-01346
15403,RGI2000-v7.0-G-07-01347
15404,RGI2000-v7.0-G-07-01348
15405,RGI2000-v7.0-G-07-01349
15406,RGI2000-v7.0-G-07-01351
15407,RGI2000-v7.0-G-07-01352
15408,RGI2000-v7.0-G-07-01353
15409,RGI2000-v7.0-G-07-01357
15410,RGI2000-v7.0-G-07-01361
15411,RGI2000-v7.0-G-07-01362
15412,RGI2000-v7.0-G-07-01363
15413,RGI2000-v7.0-G-07-01364
15414,RGI2000-v7.0-G-07-01365
15415,RGI2000-v7.0-G-07-01366
15416,RGI2000-v7.0-G-07-01367
15417,RGI2000-v7.0-G-07-01368
15418,RGI2000-v7.0-G-07-01369
15419,RGI2000-v7.0-G-07-01370
15420,RGI2000-v7.0-G-07-01371
15421,RGI2000-v7.0-G-07-01372
15422,RGI2000-v7.0-G-07-01373
15423,RGI2000-v7.0-G-07-01374
15424,RGI2000-v7.0-G-07-01375
15425,RGI2000-v7.0-G-07-01376
15426,RGI2000-v7.0-G-07-01377
15427,RGI2000-v7.0-G-07-01378
15428,RGI2000-v7.0-G-07-01379
15429,RGI2000-v7.0-G-07-01380
15430,RGI2000-v7.0-G-07-01381
15431,RGI2000-v7.0-G-07-01382
15432,RGI2000-v7.0-G-07-01383
15433,RGI2000-v7.0-G-07-01384
15434,RGI2000-v7.0-G-07-01385
15435,RGI2000-v7.0-G-07-01386
15436,RGI2000-v7.0-G-07-01387
15437,RGI2000-v7.0-G-07-01388
15438,RGI2000-v7.0-G-07-01389
15439,RGI2000-v7.0-G-07-01390
15440,RGI2000-v7.0-G-07-01391
15441,RGI2000-v7.0-G-07-01392
15442,RGI2000-v7.0-G-07-01393
15443,RGI2000-v7.0-G-07-01394
15444,RGI2000-v7.0-G-07-01396
15445,RGI2000-v7.0-G-07-01397
15446,RGI2000-v7.0-G-07-01398
15447,RGI2000-v7.0-G-07-01399
15448,RGI2000-v7.0-G-07-01400
15449,RGI2000-v7.0-G-07-01401
15450,RGI2000-v7.0-G-07-01402
15451,RGI2000-v7.0-G-07-01403
15452,RGI2000-v7.0-G-07-01404
15453,RGI2000-v7.0-G-07-01405
15454,RGI2000-v7.0-G-07-01406
15455,RGI2000-v7.0-G-07-01407
15456,RGI2000-v7.0-G-07-01408
15457,RGI2000-v7.0-G-07-01409
15458,RGI2000-v7.0-G-07-01410
15459,RGI2000-v7.0-G-07-01411
15460,RGI2000-v7.0-G-07-01412
15461,RGI2000-v7.0-G-07-01413
15462,RGI2000-v7.0-G-07-01415
15463,RGI2000-v7.0-G-07-01416
15464,RGI2000-v7.0-G-07-01417
15465,RGI2000-v7.0-G-07-01418
15466,RGI2000-v7.0-G-07-01419
15467,RGI2000-v7.0-G-07-01420
15468,RGI2000-v7.0-G-07-01421
15469,RGI2000-v7.0-G-07-01422
15470,RGI2000-v7.0-G-07-01424
15471,RGI2000-v7.0-G-07-01426
15472,RGI2000-v7.0-G-07-01427
15473,RGI2000-v7.0-G-07-01428
15474,RGI2000-v7.0-G-07-01429
15475,RGI2000-v7.0-G-07-01430
15476,RGI2000-v7.0-G-07-01433
15477,RGI2000-v7.0-G-07-01437
15478,RGI2000-v7.0-G-07-01438
15479,RGI2000-v7.0-G-07-01439
15480,RGI2000-v7.0-G-07-01440
15481,RGI2000-v7.0-G-07-01442
15482,RGI2000-v7.0-G-07-01443
15483,RGI2000-v7.0-G-07-01444
15484,RGI2000-v7.0-G-07-01446
15485,RGI2000-v7.0-G-07-01447
15486,RGI2000-v7.0-G-07-01448
15487,RGI2000-v7.0-G-07-01450
15488,RGI2000-v7.0-G-07-01452
15489,RGI2000-v7.0-G-07-01453
15490,RGI2000-v7.0-G-07-01454
15491,RGI2000-v7.0-G-07-01455
15492,RGI2000-v7.0-G-07-01456
15493,RGI2000-v7.0-G-07-01457
15494,RGI2000-v7.0-G-07-01458
15495,RGI2000-v7.0-G-07-01459
15496,RGI2000-v7.0-G-07-01460
15497,RGI2000-v7.0-G-07-01461
15498,RGI2000-v7.0-G-07-01462
15499,RGI2000-v7.0-G-07-01463
15500,RGI2000-v7.0-G-07-01464
15501,RGI2000-v7.0-G-07-01465
15502,RGI2000-v7.0-G-07-01466
15503,RGI2000-v7.0-G-07-01467
15504,RGI2000-v7.0-G-07-01468
15505,RGI2000-v7.0-G-07-01469
15506,RGI2000-v7.0-G-07-01470
15507,RGI2000-v7.0-G-07-01471
15508,RGI2000-v7.0-G-07-01472
15509,RGI2000-v7.0-G-07-01474
15510,RGI2000-v7.0-G-07-01475
15511,RGI2000-v7.0-G-07-01476
15512,RGI2000-v7.0-G-07-01477
15513,RGI2000-v7.0-G-07-01478
15514,RGI2000-v7.0-G-07-01479
15515,RGI2000-v7.0-G-07-01480
15516,RGI2000-v7.0-G-07-01481
15517,RGI2000-v7.0-G-07-01483
15518,RGI2000-v7.0-G-07-01484
15519,RGI2000-v7.0-G-07-01485
15520,RGI2000-v7.0-G-07-01486
15521,RGI2000-v7.0-G-07-01487
15522,RGI2000-v7.0-G-07-01488
15523,RGI2000-v7.0-G-07-01490
15524,RGI2000-v7.0-G-07-01491
15525,RGI2000-v7.0-G-07-01492
15526,RGI2000-v7.0-G-07-01493
15527,RGI2000-v7.0-G-07-01494
15528,RGI2000-v7.0-G-07-01495
15529,RGI2000-v7.0-G-07-01496
15530,RGI2000-v7.0-G-07-01497
15531,RGI2000-v7.0-G-07-01498
15532,RGI2000-v7.0-G-07-01500
15533,RGI2000-v7.0-G-07-01501
15534,RGI2000-v7.0-G-07-01502
15535,RGI2000-v7.0-G-07-01503
15536,RGI2000-v7.0-G-07-01504
15537,RGI2000-v7.0-G-07-01506
15538,RGI2000-v7.0-G-07-01507
15539,RGI2000-v7.0-G-07-01511
15540,RGI2000-v7.0-G-07-01512
15541,RGI2000-v7.0-G-07-01514
15542,RGI2000-v7.0-G-07-01517
15543,RGI2000-v7.0-G-07-01519
15544,RGI2000-v7.0-G-07-01520
15545,RGI2000-v7.0-G-07-01524
15546,RGI2000-v7.0-G-07-01526
15547,RGI2000-v7.0-G-07-01528
15548,RGI2000-v7.0-G-07-01529
15549,RGI2000-v7.0-G-07-01530
15550,RGI2000-v7.0-G-07-01531
15551,RGI2000-v7.0-G-07-01532
15552,RGI2000-v7.0-G-07-01534
15553,RGI2000-v7.0-G-07-01538
15554,RGI2000-v7.0-G-07-01540
15555,RGI2000-v7.0-G-07-01541
15556,RGI2000-v7.0-G-07-01542
15557,RGI2000-v7.0-G-07-01543
15558,RGI2000-v7.0-G-07-01544
15559,RGI2000-v7.0-G-07-01545
15560,RGI2000-v7.0-G-07-01546
15561,RGI2000-v7.0-G-07-01547
15562,RGI2000-v7.0-G-07-01548
15563,RGI2000-v7.0-G-07-01549
15564,RGI2000-v7.0-G-07-01551
15565,RGI2000-v7.0-G-07-01552
15566,RGI2000-v7.0-G-07-01554
15567,RGI2000-v7.0-G-07-01556
15568,RGI2000-v7.0-G-07-01559
15569,RGI2000-v7.0-G-07-01564
15570,RGI2000-v7.0-G-07-01565
15571,RGI2000-v7.0-G-07-01567
15572,RGI2000-v7.0-G-07-01568
15573,RGI2000-v7.0-G-07-01571
15574,RGI2000-v7.0-G-07-01573
15575,RGI2000-v7.0-G-07-01574
15576,RGI2000-v7.0-G-07-01575
15577,RGI2000-v7.0-G-07-01580
15578,RGI2000-v7.0-G-07-01581
15579,RGI2000-v7.0-G-07-01582
15580,RGI2000-v7.0-G-07-01583
15581,RGI2000-v7.0-G-07-01629
15582,RGI2000-v7.0-G-07-01630
15583,RGI2000-v7.0-G-07-01631
15584,RGI2000-v7.0-G-07-01633
15585,RGI2000-v7.0-G-07-01646
15586,RGI2000-v7.0-G-07-01651
15587,RGI2000-v7.0-G-07-01652
15588,RGI2000-v7.0-G-07-01653
15589,RGI2000-v7.0-G-07-01654
15590,RGI2000-v7.0-G-07-01655
15591,RGI2000-v7.0-G-07-01656
15592,RGI2000-v7.0-G-07-01657
15593,RGI2000-v7.0-G-07-01658
15594,RGI2000-v7.0-G-07-01662
15595,RGI2000-v7.0-G-07-01663
15596,RGI2000-v7.0-G-07-01666
